<?xml version="1.0" encoding="UTF-8"?>
<GenRun Id="impl_1" LaunchPart="xc7a100tcsg324-1" LaunchTime="1574115480">
  <File Type="BITSTR-BMM" Name="Bar_Gen_V1_bd.bmm"/>
  <File Type="OPT-METHODOLOGY-DRC" Name="Bar_Gen_V1_methodology_drc_opted.rpt"/>
  <File Type="INIT-TIMING" Name="Bar_Gen_V1_timing_summary_init.rpt"/>
  <File Type="ROUTE-PWR" Name="Bar_Gen_V1_power_routed.rpt"/>
  <File Type="PA-TCL" Name="Bar_Gen_V1.tcl"/>
  <File Type="OPT-TIMING" Name="Bar_Gen_V1_timing_summary_opted.rpt"/>
  <File Type="OPT-DCP" Name="Bar_Gen_V1_opt.dcp"/>
  <File Type="ROUTE-PWR-SUM" Name="Bar_Gen_V1_power_summary_routed.pb"/>
  <File Type="REPORTS-TCL" Name="Bar_Gen_V1_reports.tcl"/>
  <File Type="OPT-DRC" Name="Bar_Gen_V1_drc_opted.rpt"/>
  <File Type="OPT-HWDEF" Name="Bar_Gen_V1.hwdef"/>
  <File Type="PWROPT-DCP" Name="Bar_Gen_V1_pwropt.dcp"/>
  <File Type="PWROPT-DRC" Name="Bar_Gen_V1_drc_pwropted.rpt"/>
  <File Type="PWROPT-TIMING" Name="Bar_Gen_V1_timing_summary_pwropted.rpt"/>
  <File Type="PLACE-DCP" Name="Bar_Gen_V1_placed.dcp"/>
  <File Type="PLACE-IO" Name="Bar_Gen_V1_io_placed.rpt"/>
  <File Type="PLACE-CLK" Name="Bar_Gen_V1_clock_utilization_placed.rpt"/>
  <File Type="PLACE-UTIL" Name="Bar_Gen_V1_utilization_placed.rpt"/>
  <File Type="PLACE-UTIL-PB" Name="Bar_Gen_V1_utilization_placed.pb"/>
  <File Type="PLACE-CTRL" Name="Bar_Gen_V1_control_sets_placed.rpt"/>
  <File Type="PLACE-SIMILARITY" Name="Bar_Gen_V1_incremental_reuse_placed.rpt"/>
  <File Type="PLACE-PRE-SIMILARITY" Name="Bar_Gen_V1_incremental_reuse_pre_placed.rpt"/>
  <File Type="BG-BGN" Name="Bar_Gen_V1.bgn"/>
  <File Type="PLACE-TIMING" Name="Bar_Gen_V1_timing_summary_placed.rpt"/>
  <File Type="POSTPLACE-PWROPT-DCP" Name="Bar_Gen_V1_postplace_pwropt.dcp"/>
  <File Type="BG-BIN" Name="Bar_Gen_V1.bin"/>
  <File Type="POSTPLACE-PWROPT-TIMING" Name="Bar_Gen_V1_timing_summary_postplace_pwropted.rpt"/>
  <File Type="PHYSOPT-DCP" Name="Bar_Gen_V1_physopt.dcp"/>
  <File Type="PHYSOPT-DRC" Name="Bar_Gen_V1_drc_physopted.rpt"/>
  <File Type="BITSTR-MSK" Name="Bar_Gen_V1.msk"/>
  <File Type="PHYSOPT-TIMING" Name="Bar_Gen_V1_timing_summary_physopted.rpt"/>
  <File Type="ROUTE-ERROR-DCP" Name="Bar_Gen_V1_routed_error.dcp"/>
  <File Type="ROUTE-DCP" Name="Bar_Gen_V1_routed.dcp"/>
  <File Type="ROUTE-BLACKBOX-DCP" Name="Bar_Gen_V1_routed_bb.dcp"/>
  <File Type="ROUTE-DRC" Name="Bar_Gen_V1_drc_routed.rpt"/>
  <File Type="ROUTE-DRC-PB" Name="Bar_Gen_V1_drc_routed.pb"/>
  <File Type="BITSTR-LTX" Name="debug_nets.ltx"/>
  <File Type="BITSTR-LTX" Name="Bar_Gen_V1.ltx"/>
  <File Type="ROUTE-DRC-RPX" Name="Bar_Gen_V1_drc_routed.rpx"/>
  <File Type="BITSTR-MMI" Name="Bar_Gen_V1.mmi"/>
  <File Type="ROUTE-METHODOLOGY-DRC" Name="Bar_Gen_V1_methodology_drc_routed.rpt"/>
  <File Type="ROUTE-METHODOLOGY-DRC-RPX" Name="Bar_Gen_V1_methodology_drc_routed.rpx"/>
  <File Type="BITSTR-SYSDEF" Name="Bar_Gen_V1.sysdef"/>
  <File Type="ROUTE-METHODOLOGY-DRC-PB" Name="Bar_Gen_V1_methodology_drc_routed.pb"/>
  <File Type="ROUTE-PWR-RPX" Name="Bar_Gen_V1_power_routed.rpx"/>
  <File Type="ROUTE-STATUS" Name="Bar_Gen_V1_route_status.rpt"/>
  <File Type="ROUTE-STATUS-PB" Name="Bar_Gen_V1_route_status.pb"/>
  <File Type="ROUTE-TIMINGSUMMARY" Name="Bar_Gen_V1_timing_summary_routed.rpt"/>
  <File Type="ROUTE-TIMING-PB" Name="Bar_Gen_V1_timing_summary_routed.pb"/>
  <File Type="ROUTE-TIMING-RPX" Name="Bar_Gen_V1_timing_summary_routed.rpx"/>
  <File Type="ROUTE-SIMILARITY" Name="Bar_Gen_V1_incremental_reuse_routed.rpt"/>
  <File Type="ROUTE-CLK" Name="Bar_Gen_V1_clock_utilization_routed.rpt"/>
  <File Type="ROUTE-BUS-SKEW" Name="Bar_Gen_V1_bus_skew_routed.rpt"/>
  <File Type="ROUTE-BUS-SKEW-PB" Name="Bar_Gen_V1_bus_skew_routed.pb"/>
  <File Type="ROUTE-BUS-SKEW-RPX" Name="Bar_Gen_V1_bus_skew_routed.rpx"/>
  <File Type="POSTROUTE-PHYSOPT-DCP" Name="Bar_Gen_V1_postroute_physopt.dcp"/>
  <File Type="POSTROUTE-PHYSOPT-BLACKBOX-DCP" Name="Bar_Gen_V1_postroute_physopt_bb.dcp"/>
  <File Type="POSTROUTE-PHYSOPT-TIMING" Name="Bar_Gen_V1_timing_summary_postroute_physopted.rpt"/>
  <File Type="POSTROUTE-PHYSOPT-TIMING-PB" Name="Bar_Gen_V1_timing_summary_postroute_physopted.pb"/>
  <File Type="POSTROUTE-PHYSOPT-TIMING-RPX" Name="Bar_Gen_V1_timing_summary_postroute_physopted.rpx"/>
  <File Type="POSTROUTE-PHYSOPT-BUS-SKEW" Name="Bar_Gen_V1_bus_skew_postroute_physopted.rpt"/>
  <File Type="POSTROUTE-PHYSOPT-BUS-SKEW-PB" Name="Bar_Gen_V1_bus_skew_postroute_physopted.pb"/>
  <File Type="BG-BIT" Name="Bar_Gen_V1.bit"/>
  <File Type="POSTROUTE-PHYSOPT-BUS-SKEW-RPX" Name="Bar_Gen_V1_bus_skew_postroute_physopted.rpx"/>
  <File Type="BITSTR-RBT" Name="Bar_Gen_V1.rbt"/>
  <File Type="BITSTR-NKY" Name="Bar_Gen_V1.nky"/>
  <File Type="BG-DRC" Name="Bar_Gen_V1.drc"/>
  <File Type="RDI-RDI" Name="Bar_Gen_V1.vdi"/>
  <File Type="WBT-USG" Name="usage_statistics_webtalk.html"/>
  <FileSet Name="sources" Type="DesignSrcs" RelSrcDir="$PSRCDIR/sources_1">
    <Filter Type="Srcs"/>
    <File Path="$PSRCDIR/sources_1/new/E_MUX.vhd">
      <FileInfo>
        <Attr Name="UsedIn" Val="synthesis"/>
        <Attr Name="UsedIn" Val="simulation"/>
      </FileInfo>
    </File>
    <File Path="$PSRCDIR/sources_1/new/MUX_2x1.vhd">
      <FileInfo>
        <Attr Name="UsedIn" Val="synthesis"/>
        <Attr Name="UsedIn" Val="simulation"/>
      </FileInfo>
    </File>
    <File Path="$PSRCDIR/sources_1/new/UART_RX_V1.vhd">
      <FileInfo>
        <Attr Name="UsedIn" Val="synthesis"/>
        <Attr Name="UsedIn" Val="simulation"/>
      </FileInfo>
    </File>
    <File Path="$PSRCDIR/sources_1/imports/FPGA CODE/UART/Assignment_UART_V1/Assignment_UART_V1.srcs/sources_1/imports/new/UART_TX.vhd">
      <FileInfo>
        <Attr Name="ImportPath" Val="$PPRDIR/../UART/Assignment_UART_V1/Assignment_UART_V1.srcs/sources_1/imports/new/UART_TX.vhd"/>
        <Attr Name="ImportTime" Val="1572927146"/>
        <Attr Name="UsedIn" Val="synthesis"/>
        <Attr Name="UsedIn" Val="simulation"/>
      </FileInfo>
    </File>
    <File Path="$PSRCDIR/sources_1/imports/FPGA CODE/Assignment_G_Barrel_S_V1/Assignment_G_Barrel_S_V1.srcs/sources_1/new/counter.vhd">
      <FileInfo>
        <Attr Name="ImportPath" Val="$PPRDIR/../Assignment_G_Barrel_S_V1/Assignment_G_Barrel_S_V1.srcs/sources_1/new/counter.vhd"/>
        <Attr Name="ImportTime" Val="1572803836"/>
        <Attr Name="UsedIn" Val="synthesis"/>
        <Attr Name="UsedIn" Val="simulation"/>
      </FileInfo>
    </File>
    <File Path="$PSRCDIR/sources_1/imports/FPGA CODE/Assignment_G_Barrel_S_V1/Assignment_G_Barrel_S_V1.srcs/sources_1/new/sseg_encoder.vhd">
      <FileInfo>
        <Attr Name="ImportPath" Val="$PPRDIR/../Assignment_G_Barrel_S_V1/Assignment_G_Barrel_S_V1.srcs/sources_1/new/sseg_encoder.vhd"/>
        <Attr Name="ImportTime" Val="1572914502"/>
        <Attr Name="UsedIn" Val="synthesis"/>
        <Attr Name="UsedIn" Val="simulation"/>
      </FileInfo>
    </File>
    <File Path="$PSRCDIR/sources_1/new/Bar_Gen_V1.vhd">
      <FileInfo>
        <Attr Name="UsedIn" Val="synthesis"/>
        <Attr Name="UsedIn" Val="simulation"/>
      </FileInfo>
    </File>
    <File Path="$PSRCDIR/sources_1/new/STD_FIFO.vhd">
      <FileInfo>
        <Attr Name="AutoDisabled" Val="1"/>
        <Attr Name="UsedIn" Val="synthesis"/>
        <Attr Name="UsedIn" Val="simulation"/>
      </FileInfo>
    </File>
    <File Path="$PSRCDIR/sources_1/imports/FPGA CODE/UART/Assignment_UART_V1/Assignment_UART_V1.srcs/sources_1/imports/new/UART_RX.vhd">
      <FileInfo>
        <Attr Name="AutoDisabled" Val="1"/>
        <Attr Name="ImportPath" Val="$PPRDIR/../UART/Assignment_UART_V1/Assignment_UART_V1.srcs/sources_1/imports/new/UART_RX.vhd"/>
        <Attr Name="ImportTime" Val="1573353617"/>
        <Attr Name="UsedIn" Val="synthesis"/>
        <Attr Name="UsedIn" Val="simulation"/>
      </FileInfo>
    </File>
    <File Path="$PSRCDIR/sources_1/imports/new/Bar_Gen.vhd">
      <FileInfo>
        <Attr Name="UserDisabled" Val="1"/>
        <Attr Name="ImportPath" Val="$PPRDIR/../../Desktop/Current Semester/Fall Semester 2019/ECE 4304 - Discrete System Design Using VHDL/FPGA Projects/Barrel_Shifter/Barrell_generic/Barrell_generic.srcs/sources_1/new/Bar_Gen.vhd"/>
        <Attr Name="ImportTime" Val="1572942372"/>
        <Attr Name="UsedIn" Val="synthesis"/>
        <Attr Name="UsedIn" Val="simulation"/>
      </FileInfo>
    </File>
    <Config>
      <Option Name="DesignMode" Val="RTL"/>
      <Option Name="TopModule" Val="Bar_Gen_V1"/>
      <Option Name="TopAutoSet" Val="TRUE"/>
    </Config>
  </FileSet>
  <FileSet Name="constrs_in" Type="Constrs" RelSrcDir="$PSRCDIR/constrs_1">
    <Filter Type="Constrs"/>
    <File Path="$PSRCDIR/constrs_1/imports/new/bar_gen_const.xdc">
      <FileInfo>
        <Attr Name="ImportPath" Val="$PPRDIR/../../Desktop/Current Semester/Fall Semester 2019/ECE 4304 - Discrete System Design Using VHDL/FPGA Projects/Barrel_Shifter/Barrell_generic/Barrell_generic.srcs/constrs_1/new/bar_gen_const.xdc"/>
        <Attr Name="ImportTime" Val="1572942372"/>
        <Attr Name="UsedIn" Val="synthesis"/>
        <Attr Name="UsedIn" Val="implementation"/>
      </FileInfo>
    </File>
    <Config>
      <Option Name="ConstrsType" Val="XDC"/>
    </Config>
  </FileSet>
  <FileSet Name="utils" Type="Utils" RelSrcDir="$PSRCDIR/utils_1">
    <Filter Type="Utils"/>
    <Config>
      <Option Name="TopAutoSet" Val="TRUE"/>
    </Config>
  </FileSet>
  <Strategy Version="1" Minor="2">
    <StratHandle Name="Vivado Implementation Defaults" Flow="Vivado Implementation 2018"/>
    <Step Id="init_design"/>
    <Step Id="opt_design"/>
    <Step Id="power_opt_design"/>
    <Step Id="place_design"/>
    <Step Id="post_place_power_opt_design"/>
    <Step Id="phys_opt_design"/>
    <Step Id="route_design"/>
    <Step Id="post_route_phys_opt_design"/>
    <Step Id="write_bitstream"/>
  </Strategy>
</GenRun>
