<?xml version="1.0" encoding="UTF-8"?>
<GenRun Id="synth_1" LaunchPart="xc7a100tcsg324-1" LaunchTime="1574115479">
  <File Type="PA-TCL" Name="Bar_Gen_V1.tcl"/>
  <File Type="RDS-PROPCONSTRS" Name="Bar_Gen_V1_drc_synth.rpt"/>
  <File Type="REPORTS-TCL" Name="Bar_Gen_V1_reports.tcl"/>
  <File Type="RDS-RDS" Name="Bar_Gen_V1.vds"/>
  <File Type="RDS-UTIL" Name="Bar_Gen_V1_utilization_synth.rpt"/>
  <File Type="RDS-UTIL-PB" Name="Bar_Gen_V1_utilization_synth.pb"/>
  <File Type="RDS-DCP" Name="Bar_Gen_V1.dcp"/>
  <File Type="VDS-TIMINGSUMMARY" Name="Bar_Gen_V1_timing_summary_synth.rpt"/>
  <File Type="VDS-TIMING-PB" Name="Bar_Gen_V1_timing_summary_synth.pb"/>
  <FileSet Name="sources" Type="DesignSrcs" RelSrcDir="$PSRCDIR/sources_1">
    <Filter Type="Srcs"/>
    <File Path="$PSRCDIR/sources_1/new/E_MUX.vhd">
      <FileInfo>
        <Attr Name="UsedIn" Val="synthesis"/>
        <Attr Name="UsedIn" Val="simulation"/>
      </FileInfo>
    </File>
    <File Path="$PSRCDIR/sources_1/new/MUX_2x1.vhd">
      <FileInfo>
        <Attr Name="UsedIn" Val="synthesis"/>
        <Attr Name="UsedIn" Val="simulation"/>
      </FileInfo>
    </File>
    <File Path="$PSRCDIR/sources_1/new/UART_RX_V1.vhd">
      <FileInfo>
        <Attr Name="UsedIn" Val="synthesis"/>
        <Attr Name="UsedIn" Val="simulation"/>
      </FileInfo>
    </File>
    <File Path="$PSRCDIR/sources_1/imports/FPGA CODE/UART/Assignment_UART_V1/Assignment_UART_V1.srcs/sources_1/imports/new/UART_TX.vhd">
      <FileInfo>
        <Attr Name="ImportPath" Val="$PPRDIR/../UART/Assignment_UART_V1/Assignment_UART_V1.srcs/sources_1/imports/new/UART_TX.vhd"/>
        <Attr Name="ImportTime" Val="1572927146"/>
        <Attr Name="UsedIn" Val="synthesis"/>
        <Attr Name="UsedIn" Val="simulation"/>
      </FileInfo>
    </File>
    <File Path="$PSRCDIR/sources_1/imports/FPGA CODE/Assignment_G_Barrel_S_V1/Assignment_G_Barrel_S_V1.srcs/sources_1/new/counter.vhd">
      <FileInfo>
        <Attr Name="ImportPath" Val="$PPRDIR/../Assignment_G_Barrel_S_V1/Assignment_G_Barrel_S_V1.srcs/sources_1/new/counter.vhd"/>
        <Attr Name="ImportTime" Val="1572803836"/>
        <Attr Name="UsedIn" Val="synthesis"/>
        <Attr Name="UsedIn" Val="simulation"/>
      </FileInfo>
    </File>
    <File Path="$PSRCDIR/sources_1/imports/FPGA CODE/Assignment_G_Barrel_S_V1/Assignment_G_Barrel_S_V1.srcs/sources_1/new/sseg_encoder.vhd">
      <FileInfo>
        <Attr Name="ImportPath" Val="$PPRDIR/../Assignment_G_Barrel_S_V1/Assignment_G_Barrel_S_V1.srcs/sources_1/new/sseg_encoder.vhd"/>
        <Attr Name="ImportTime" Val="1572914502"/>
        <Attr Name="UsedIn" Val="synthesis"/>
        <Attr Name="UsedIn" Val="simulation"/>
      </FileInfo>
    </File>
    <File Path="$PSRCDIR/sources_1/new/Bar_Gen_V1.vhd">
      <FileInfo>
        <Attr Name="UsedIn" Val="synthesis"/>
        <Attr Name="UsedIn" Val="simulation"/>
      </FileInfo>
    </File>
    <File Path="$PSRCDIR/sources_1/new/STD_FIFO.vhd">
      <FileInfo>
        <Attr Name="AutoDisabled" Val="1"/>
        <Attr Name="UsedIn" Val="synthesis"/>
        <Attr Name="UsedIn" Val="simulation"/>
      </FileInfo>
    </File>
    <File Path="$PSRCDIR/sources_1/imports/FPGA CODE/UART/Assignment_UART_V1/Assignment_UART_V1.srcs/sources_1/imports/new/UART_RX.vhd">
      <FileInfo>
        <Attr Name="AutoDisabled" Val="1"/>
        <Attr Name="ImportPath" Val="$PPRDIR/../UART/Assignment_UART_V1/Assignment_UART_V1.srcs/sources_1/imports/new/UART_RX.vhd"/>
        <Attr Name="ImportTime" Val="1573353617"/>
        <Attr Name="UsedIn" Val="synthesis"/>
        <Attr Name="UsedIn" Val="simulation"/>
      </FileInfo>
    </File>
    <File Path="$PSRCDIR/sources_1/imports/new/Bar_Gen.vhd">
      <FileInfo>
        <Attr Name="UserDisabled" Val="1"/>
        <Attr Name="ImportPath" Val="$PPRDIR/../../Desktop/Current Semester/Fall Semester 2019/ECE 4304 - Discrete System Design Using VHDL/FPGA Projects/Barrel_Shifter/Barrell_generic/Barrell_generic.srcs/sources_1/new/Bar_Gen.vhd"/>
        <Attr Name="ImportTime" Val="1572942372"/>
        <Attr Name="UsedIn" Val="synthesis"/>
        <Attr Name="UsedIn" Val="simulation"/>
      </FileInfo>
    </File>
    <Config>
      <Option Name="DesignMode" Val="RTL"/>
      <Option Name="TopModule" Val="Bar_Gen_V1"/>
      <Option Name="TopAutoSet" Val="TRUE"/>
    </Config>
  </FileSet>
  <FileSet Name="constrs_in" Type="Constrs" RelSrcDir="$PSRCDIR/constrs_1">
    <Filter Type="Constrs"/>
    <File Path="$PSRCDIR/constrs_1/imports/new/bar_gen_const.xdc">
      <FileInfo>
        <Attr Name="ImportPath" Val="$PPRDIR/../../Desktop/Current Semester/Fall Semester 2019/ECE 4304 - Discrete System Design Using VHDL/FPGA Projects/Barrel_Shifter/Barrell_generic/Barrell_generic.srcs/constrs_1/new/bar_gen_const.xdc"/>
        <Attr Name="ImportTime" Val="1572942372"/>
        <Attr Name="UsedIn" Val="synthesis"/>
        <Attr Name="UsedIn" Val="implementation"/>
      </FileInfo>
    </File>
    <Config>
      <Option Name="ConstrsType" Val="XDC"/>
    </Config>
  </FileSet>
  <FileSet Name="utils" Type="Utils" RelSrcDir="$PSRCDIR/utils_1">
    <Filter Type="Utils"/>
    <Config>
      <Option Name="TopAutoSet" Val="TRUE"/>
    </Config>
  </FileSet>
  <Strategy Version="1" Minor="2">
    <StratHandle Name="Vivado Synthesis Defaults" Flow="Vivado Synthesis 2018"/>
    <Step Id="synth_design"/>
  </Strategy>
</GenRun>
